#File,SHA-1
package-lock.json,3a7b7e439bf6b36105f6e5d0c3603ddd204423b5
package.json,150c40c207f1ecb315446ba7be1cf26d7c72b3bb
src/main/webapp/404.html,633a94300752256d89f886a0c0ade65e08aa0554
src/main/webapp/WEB-INF/web.xml,f3577fd846ec450b1c1687c78d076c2b99e075c2
src/main/webapp/app/_bootstrap-variables.scss,6b7e1735754ab27f62dbd7dfe716525dae90a197
src/main/webapp/app/app.scss,fd24eac4d6d0fdced1e987cdde68d4d7d3a21d6e
src/main/webapp/app/app.tsx,e39cf53225cf6cc47cfa70cbc597a5c888ab4a80
src/main/webapp/app/config/axios-interceptor.spec.ts,afa2f52378856fef8b614e208c049701c837c667
src/main/webapp/app/config/axios-interceptor.ts,501d3892b8cade03f93b6829472d481283f70a3e
src/main/webapp/app/config/constants.ts,9c43864abf55ee5b743353be33fbc5965fc0ba27
src/main/webapp/app/config/dayjs.ts,1cfb142cc0c8b2e0231ab7d4f174289e48647701
src/main/webapp/app/config/error-middleware.ts,06e58000a0d7a7cafdfbfb49ef52d21e79d6b53b
src/main/webapp/app/config/icon-loader.ts,569d6fb5c7a5dffea293e09ebb7ad775abe3fe59
src/main/webapp/app/config/logger-middleware.ts,c06e5391ba3e221c78b20156c8cf7a0d8ad25cf3
src/main/webapp/app/config/notification-middleware.spec.ts,c8b6b4561c9aee67e5eea68fb36461158dbbda0b
src/main/webapp/app/config/notification-middleware.ts,558ea6e833ee54f2e32f1831ee4328adeb04c3a0
src/main/webapp/app/config/store.ts,43847a8be7fd0c88e1e50a5ee6ed35d442a8dfc3
src/main/webapp/app/config/translation.ts,cf628befcb676c866de633b03f1778c9200af77d
src/main/webapp/app/entities/customer/customer-delete-dialog.tsx,dbce7c0ff936a590bab6287e93f153782fdf945c
src/main/webapp/app/entities/customer/customer-detail.tsx,bd0204c1560e5f4588fffc9bc842abfc5c17b6a5
src/main/webapp/app/entities/customer/customer-reducer.spec.ts,9e7f8edd303abe80cbe6a63d3f45c8f93862dba4
src/main/webapp/app/entities/customer/customer-update.tsx,28be5a10d48db8b6b3a1c1e8b8b6cddef737f66c
src/main/webapp/app/entities/customer/customer.reducer.ts,da16cd18bf0dd91ce9183ca5248e9c97fe207bb7
src/main/webapp/app/entities/customer/customer.tsx,abf417813792f0055f0580f41948ec3b8795d314
src/main/webapp/app/entities/customer/index.tsx,0cdff46fc0d832564d26f3e1f04e2a0321b817fd
src/main/webapp/app/entities/driver/driver-delete-dialog.tsx,693ba6175e4ce64c4a7b459a73340847652aaab5
src/main/webapp/app/entities/driver/driver-detail.tsx,22e9aa272bd410ba162205ea3daacc36b5d5ac92
src/main/webapp/app/entities/driver/driver-reducer.spec.ts,6b80e1d4f56f830cacb5ea11967651924b5c66e3
src/main/webapp/app/entities/driver/driver-update.tsx,d807777c11ff709e492e29177e6b0ca50566b0fd
src/main/webapp/app/entities/driver/driver.reducer.ts,905055141cda7395be2bef853becdb21ea101ac1
src/main/webapp/app/entities/driver/driver.tsx,03a2409a24b9166fccd69eab1dbdebbccdd7ffa1
src/main/webapp/app/entities/driver/index.tsx,bbab1f19c700013fccde939dbd98e6615919cc19
src/main/webapp/app/entities/insurance/index.tsx,dea3d96711c2c6f57daa809c20ff8574ca25dd3a
src/main/webapp/app/entities/insurance/insurance-delete-dialog.tsx,f4f3a75dc490d901aa422e745d636f2ddc52fcf8
src/main/webapp/app/entities/insurance/insurance-detail.tsx,ae585f86f015526bbac42511104b4168f3d9645d
src/main/webapp/app/entities/insurance/insurance-reducer.spec.ts,64a94a5d32d6268b5b3661f8b4ca0979f0c5f783
src/main/webapp/app/entities/insurance/insurance-update.tsx,d55d294ef5fa9cca8d9f48f2293383330da45a38
src/main/webapp/app/entities/insurance/insurance.reducer.ts,23b333dbdeea991ee474b3b161ac3e6e03456e43
src/main/webapp/app/entities/insurance/insurance.tsx,2077e28a4e49160bbec88d93b58496a3cd05a749
src/main/webapp/app/entities/location/index.tsx,cbf451ebe062f71dbdbfedd616e1e525359fdbaf
src/main/webapp/app/entities/location/location-delete-dialog.tsx,91a48dcf311e79437b1defa5be602c06291a22a0
src/main/webapp/app/entities/location/location-detail.tsx,17c2c360414dff4b0316e06f472dfe8fc0777fcc
src/main/webapp/app/entities/location/location-reducer.spec.ts,df1aba3715a4fa4bd73f8a27677a5e2b8951ac0f
src/main/webapp/app/entities/location/location-update.tsx,21c40bea6623869f69bc75a45474a754cd4beaf0
src/main/webapp/app/entities/location/location.reducer.ts,90fa145a252d932ee962fbf25e25ebbc325cbbf2
src/main/webapp/app/entities/location/location.tsx,f0ff05f48fe7f14af964c8640d6295057bf3f54d
src/main/webapp/app/entities/menu.tsx,f26cc36da92d8deeb7e534768406f72199f8d492
src/main/webapp/app/entities/payment/index.tsx,fcec0160b5f64a3512654c048a36cbf0f32ade87
src/main/webapp/app/entities/payment/payment-delete-dialog.tsx,5e80ce750cf21eb0ba62b4a50126ca19b65da61b
src/main/webapp/app/entities/payment/payment-detail.tsx,5e67e13d58111b5edb5acef1b26b3d5d6f922c87
src/main/webapp/app/entities/payment/payment-reducer.spec.ts,939dbd8890f7c48d90d942d636182310e0d1fd74
src/main/webapp/app/entities/payment/payment-update.tsx,e93006eece2ea51c11a13505082a572793384381
src/main/webapp/app/entities/payment/payment.reducer.ts,e068ee16f8b663e45a0cc1cc7bf51967965e4189
src/main/webapp/app/entities/payment/payment.tsx,da8e35193faaeab281af9154fd72c0c0435d24d7
src/main/webapp/app/entities/rate/index.tsx,7d9ef344d6c80b86b6809ff15072caf82c6c68da
src/main/webapp/app/entities/rate/rate-delete-dialog.tsx,db7bdb2000985734f4c4d7db35d6131fd3fc0faa
src/main/webapp/app/entities/rate/rate-detail.tsx,022139c8c31d2f7cffacb24a9637055217e2dc66
src/main/webapp/app/entities/rate/rate-reducer.spec.ts,00c7f5296bd0e8ab85b422575dc6516d00c88344
src/main/webapp/app/entities/rate/rate-update.tsx,bbaaa42edc74c5fa1187c26bfac981c865383348
src/main/webapp/app/entities/rate/rate.reducer.ts,c3bfb6505390250b3a91137834e1e92e0abf0ff8
src/main/webapp/app/entities/rate/rate.tsx,5e974f84b37ae78e594c9d06bdd7cec6db035963
src/main/webapp/app/entities/reducers.ts,2d5e06f5d132a76f5862b41b71f52c30e9e23daf
src/main/webapp/app/entities/reservation/index.tsx,e6e33fbd80b76ef23ad7a0b6a41ff4cfe672755a
src/main/webapp/app/entities/reservation/reservation-delete-dialog.tsx,1c928f4f2db3b984feb6adf16d43d089f931a147
src/main/webapp/app/entities/reservation/reservation-detail.tsx,4abf8ec48211b897a698a16f8d7c2deb54efdf72
src/main/webapp/app/entities/reservation/reservation-reducer.spec.ts,928e398560737c0957e7f35fda98c137815cb709
src/main/webapp/app/entities/reservation/reservation-update.tsx,15bfde6f4f60f0ba7fdb0f9ac93971328016e846
src/main/webapp/app/entities/reservation/reservation.reducer.ts,3a88969f0ba4e0b8eda116f325a246ddf127898c
src/main/webapp/app/entities/reservation/reservation.tsx,ea8da8a15cf454e9154c8d7adc8d394fbff24716
src/main/webapp/app/entities/routes.tsx,f7307b79f65b87739424c33537d7d190b5697b0c
src/main/webapp/app/entities/vehicle/index.tsx,32477bb6608457728b96b51d01fc78e5664933b0
src/main/webapp/app/entities/vehicle/vehicle-delete-dialog.tsx,77d32a85cbcfa67b0cadbc96b961b3d7dc66c395
src/main/webapp/app/entities/vehicle/vehicle-detail.tsx,775ba17cc3e593b2a33001ceba3729c726283062
src/main/webapp/app/entities/vehicle/vehicle-reducer.spec.ts,997b18b506bae2e6c43aac9019e9d9236b2e5eed
src/main/webapp/app/entities/vehicle/vehicle-update.tsx,a72cc7f8d09e016b503a5ac910eca7054f74330f
src/main/webapp/app/entities/vehicle/vehicle.reducer.ts,c526f66497fa2e62d4a69b85e4a6a334f2f49881
src/main/webapp/app/entities/vehicle/vehicle.tsx,2872b14d48cd8ebfeb5be1ab490af131478deefe
src/main/webapp/app/index.tsx,74311f8bb3ae442014b7aafef5cae493a2556f7f
src/main/webapp/app/modules/account/activate/activate.reducer.spec.ts,a154dc141a4b2da6e31a1bb30cacb01326fd791c
src/main/webapp/app/modules/account/activate/activate.reducer.ts,ccb487a03e908c0d53c49ba8c7e6d28a02eab395
src/main/webapp/app/modules/account/activate/activate.tsx,ebc50a0a00c3fa778aee9f449f6584015fbb9508
src/main/webapp/app/modules/account/index.tsx,6fc3eb5bbfb8a76a88c04d90415fe748d3f2023c
src/main/webapp/app/modules/account/password-reset/finish/password-reset-finish.tsx,d76647b783559a82808b8263f019c2aecdf17e62
src/main/webapp/app/modules/account/password-reset/init/password-reset-init.tsx,8239d8a8948bee161a580d2cccbcab4f21b635fc
src/main/webapp/app/modules/account/password-reset/password-reset.reducer.ts,f81361fae39ce11a2b49e126e9c6bb682d95935d
src/main/webapp/app/modules/account/password/password.reducer.spec.ts,6b6cdddab6e7b67ff21b56094d82333b332d0b94
src/main/webapp/app/modules/account/password/password.reducer.ts,b82c037b9cf75ecd5e55e203874c060284c48f14
src/main/webapp/app/modules/account/password/password.tsx,d3eba0568a33f89124d27370c0eae2c34e480311
src/main/webapp/app/modules/account/register/register.reducer.spec.ts,ee82dc5d6bb982dc1edd3e6c8cfc67b7c45e30c8
src/main/webapp/app/modules/account/register/register.reducer.ts,72c95024c54305467c5833f0b6128f29c4935a86
src/main/webapp/app/modules/account/register/register.tsx,65b4f05643cdde8b722685ba5814291ba571042c
src/main/webapp/app/modules/account/settings/settings.reducer.spec.ts,0ffe7d4c223f00a6f08cbc733c9e4f6f63084c28
src/main/webapp/app/modules/account/settings/settings.reducer.ts,848bd6279f67b8c176e235c5ce9d3169ce0150bd
src/main/webapp/app/modules/account/settings/settings.tsx,abbe1cdb24b8ba97de908c5964e7b5d93db86e03
src/main/webapp/app/modules/administration/administration.reducer.spec.ts,b6b11fe35dcd5e5841aadba3cbff76f66b8d9c2f
src/main/webapp/app/modules/administration/administration.reducer.ts,3d9725e070732a1aef566ac1d30429d2713ea3b2
src/main/webapp/app/modules/administration/configuration/configuration.tsx,1748410db5bc38a4b8b078b57f886811ed9d7c94
src/main/webapp/app/modules/administration/docs/docs.scss,b2d84d706c34e9f2287429d1135921844bab7425
src/main/webapp/app/modules/administration/docs/docs.tsx,c6c7e74d74b621dbda16d8386e045aef8377b0f3
src/main/webapp/app/modules/administration/health/health-modal.tsx,3b8db17720e2e1975c6a1245c5f3a3496a7e4dfe
src/main/webapp/app/modules/administration/health/health.tsx,a1cc9596b91a4012866690a0393984fddc3eeec6
src/main/webapp/app/modules/administration/index.tsx,491ae49ce5015acb5a75d120e3034f02c4473a27
src/main/webapp/app/modules/administration/logs/logs.tsx,fdf097aa1472a2c3d810e98e10a7313ff137bd96
src/main/webapp/app/modules/administration/metrics/metrics.tsx,466ec658a888e368fa52eb5102985fe12991043f
src/main/webapp/app/modules/administration/user-management/index.tsx,89a52860bed92674e66c06171c1940e6f4d84846
src/main/webapp/app/modules/administration/user-management/user-management-delete-dialog.tsx,5d6f709575bc45a950c1278264ad73bdc8986c4d
src/main/webapp/app/modules/administration/user-management/user-management-detail.tsx,5a7b655e7ef25cbcadcec303e8642f4e09a58e0e
src/main/webapp/app/modules/administration/user-management/user-management-update.tsx,2030edb4f9b9e23d787739e7c66c3663501e63d9
src/main/webapp/app/modules/administration/user-management/user-management.reducer.spec.ts,ec0994cffddf42d705b8dd2b06594089f16063e3
src/main/webapp/app/modules/administration/user-management/user-management.reducer.ts,e635c892d3ac5def563696a91d24f5d874e96799
src/main/webapp/app/modules/administration/user-management/user-management.tsx,d1024a17aae29b154504ba90825c1228dd31598d
src/main/webapp/app/modules/home/home.scss,42e63e2880fcd261bdbff27f47bff7240fb60a85
src/main/webapp/app/modules/home/home.tsx,49a6588ee01e733ad6aa4eead07e2328521027ff
src/main/webapp/app/modules/login/login-modal.tsx,38e8f4171039af32809a8a95470bc16c8c4a89cc
src/main/webapp/app/modules/login/login.tsx,d32304d61e98d77b7e2b1639addf726fc010f1e4
src/main/webapp/app/modules/login/logout.tsx,596a325811870a3f7fd090b3c6f580c7d033c8b4
src/main/webapp/app/routes.tsx,bc41eca2dfa9284e3d4ddcfb430e013cd46a1d26
src/main/webapp/app/setup-tests.ts,b55be73a50f3d0d29c99022aba6867f9bb12bdbf
src/main/webapp/app/shared/DurationFormat.tsx,f5f6a6703c13cab1a458a9c352e0c38687c41e0e
src/main/webapp/app/shared/auth/private-route.spec.tsx,f5d56abd06198f345cbfc609166cfd4badbcd4df
src/main/webapp/app/shared/auth/private-route.tsx,94107f443faef59f5b03df2484a6ba32de18749f
src/main/webapp/app/shared/error/error-boundary-routes.spec.tsx,285224f96f041cbeb00d34c781a341e80918c0ef
src/main/webapp/app/shared/error/error-boundary-routes.tsx,f17afcc700c717c613edf8e08c7f40836e0adff3
src/main/webapp/app/shared/error/error-boundary.spec.tsx,5acd279a4ba3c00555b95f8c8c3ffce46d3a4ddd
src/main/webapp/app/shared/error/error-boundary.tsx,472182d082ec86ef3c10af824986b20821a0664f
src/main/webapp/app/shared/error/page-not-found.tsx,566ccfefa06ea00641d9f1bd5580bd60d261a5fb
src/main/webapp/app/shared/layout/footer/footer.scss,d3cac62246d4863510099354d1d41fa13b549ab0
src/main/webapp/app/shared/layout/footer/footer.tsx,a4c64cfbece0237fd9f9f7483a4baa05e37f5e3d
src/main/webapp/app/shared/layout/header/header-components.tsx,894a592f9ff0c48fb80d6d3067b1e604a240b43d
src/main/webapp/app/shared/layout/header/header.scss,3ba0e3e75cb42cb844297f91efbfb571b7502511
src/main/webapp/app/shared/layout/header/header.spec.tsx,d1397599f5d0421de922431ff216ccb4a6c1e7f5
src/main/webapp/app/shared/layout/header/header.tsx,e2e34f826dfc94ab2cf211c7c068425243858db4
src/main/webapp/app/shared/layout/menus/account.spec.tsx,950acef0abff7bee45102b821f09998b7115cab2
src/main/webapp/app/shared/layout/menus/account.tsx,5647bfc7e07b444886a6b32bf27c9b9f63f0af66
src/main/webapp/app/shared/layout/menus/admin.tsx,b66f218a9293651ba9c5e995d65c9dc47d9b9b0d
src/main/webapp/app/shared/layout/menus/entities.tsx,2d7419ed6cd0ff0dc4356210ab2e05fa266a54fa
src/main/webapp/app/shared/layout/menus/index.ts,de93b4142b0909537505361a59ffe526ae84901e
src/main/webapp/app/shared/layout/menus/locale.tsx,3192a484a8405c7d5e9452414cd8a0684fe04a24
src/main/webapp/app/shared/layout/menus/menu-components.tsx,b18066b952ba858edd972cadcdde05a2dfb7fe82
src/main/webapp/app/shared/layout/menus/menu-item.tsx,ce336d9ef4fb2d4bf10cf8a352fbd41dc1334aaf
src/main/webapp/app/shared/layout/password/password-strength-bar.scss,9d5c04beb3d647cac81dfffa450f2749126b7c7d
src/main/webapp/app/shared/layout/password/password-strength-bar.tsx,86404d0b6f958642d6c9de7fcd54054d3dc80e68
src/main/webapp/app/shared/model/customer.model.ts,6f722325548c2a5de365c3a3194482dc7bd11a06
src/main/webapp/app/shared/model/driver.model.ts,20bf427c21cc81922ffd24ab40ee9c80ed35e1bf
src/main/webapp/app/shared/model/insurance.model.ts,9f647ae299fa476e5c913f6eda7ed7878435f927
src/main/webapp/app/shared/model/location.model.ts,d945f0d19ebf918adf4743f94aede00e28ab8b90
src/main/webapp/app/shared/model/payment.model.ts,9df5663971d32ead55ab280bb7981180aeaa0ae7
src/main/webapp/app/shared/model/rate.model.ts,4fef063bbbb1738ef9117e059cf8eb6f811abe87
src/main/webapp/app/shared/model/reservation.model.ts,ead47b4fa00fe594cf71f187def1a8e3265aa55f
src/main/webapp/app/shared/model/user.model.ts,f36836eba81c142a12eed396cd72645ff12d0bbc
src/main/webapp/app/shared/model/vehicle.model.ts,fe90b350b3a1ac40d79fa535e126fa39127ff388
src/main/webapp/app/shared/reducers/application-profile.spec.ts,a5a00e5add30e2c2899cacc32624fac5f7727ca0
src/main/webapp/app/shared/reducers/application-profile.ts,bbb4ad59ebe6d3bb0f310db879f63bb044548f31
src/main/webapp/app/shared/reducers/authentication.spec.ts,6df774d51a5cae3bc740d19f74912674c7069818
src/main/webapp/app/shared/reducers/authentication.ts,ed4b08c375239238e60a334b73705a953c09e31e
src/main/webapp/app/shared/reducers/index.ts,4ab0122490e90d9cfdc216ea061cfbcb1df820ce
src/main/webapp/app/shared/reducers/locale.spec.ts,50f1e744abb5f031db0d5f9a79cd1bf8c2d26e21
src/main/webapp/app/shared/reducers/locale.ts,1bee140f7d6418ce0e14e01d252177bda0463034
src/main/webapp/app/shared/reducers/reducer.utils.ts,d605b781530b253e03e8a7981d9c44bc9f9cf802
src/main/webapp/app/shared/util/date-utils.ts,e9fc95ab2201187bb99cb7a54dc56d3e5480c308
src/main/webapp/app/shared/util/entity-utils.spec.ts,6670c1a8ed9ce8fa9542538c8303b405e444335f
src/main/webapp/app/shared/util/entity-utils.ts,c46ab97d73a86fcd83757974ef1b49d83373a4f7
src/main/webapp/app/shared/util/pagination.constants.ts,2259d10abbaabd7777dbe59c827f43a72691e459
src/main/webapp/app/typings.d.ts,afcdaa1ae4c7852cd8cbfcfa392c7e4b8b4c4395
src/main/webapp/content/css/loading.css,3ab1823dee0fef70192fbc9d5341dde0020a77a1
src/main/webapp/content/images/jhipster_family_member_0.svg,d74ed3591e3a916224096cef4f87dc3bd7479386
src/main/webapp/content/images/jhipster_family_member_0_head-192.png,df480d17864835a76db4abd997176e13cfa38d2c
src/main/webapp/content/images/jhipster_family_member_0_head-256.png,ec1cd28328e885231c2d9a451cc46a8d4f10d6f4
src/main/webapp/content/images/jhipster_family_member_0_head-384.png,55c081b847a19807b34b48e31e63a464a2726d4e
src/main/webapp/content/images/jhipster_family_member_0_head-512.png,6cf7f74775338ab98de40ef589c68337fe8e859c
src/main/webapp/content/images/jhipster_family_member_1.svg,61a207bca2c8b0dac21fc945d2f2505e4b5d3a30
src/main/webapp/content/images/jhipster_family_member_1_head-192.png,ba95a15a915e98e756f8c0f6202cbb7146913d7a
src/main/webapp/content/images/jhipster_family_member_1_head-256.png,ae556422471b55c075155b881fa3d5ee646f968a
src/main/webapp/content/images/jhipster_family_member_1_head-384.png,0270ae0a742ebc7eaef16840d708a06663723204
src/main/webapp/content/images/jhipster_family_member_1_head-512.png,a432afd937aae212f7a5ea3b0285bd74b7358812
src/main/webapp/content/images/jhipster_family_member_2.svg,4b05e0217c9e27910087f76aa24a5699f7a3a30e
src/main/webapp/content/images/jhipster_family_member_2_head-192.png,7daaed3c0c953917ad905857627dbfc6466856af
src/main/webapp/content/images/jhipster_family_member_2_head-256.png,67f06e7a90ac379846940f1332d9d10398c49ae5
src/main/webapp/content/images/jhipster_family_member_2_head-384.png,7a0f8b1cc27ec81ce80bc1903f6faa2dab5524d9
src/main/webapp/content/images/jhipster_family_member_2_head-512.png,ee068745494bc8e72479d25287f2f80934f38c6d
src/main/webapp/content/images/jhipster_family_member_3.svg,0690f4141a25d739ed9429b0b315cc94196a3644
src/main/webapp/content/images/jhipster_family_member_3_head-192.png,58b5043c79afe05573cd8c3f7c23cc84c96ca362
src/main/webapp/content/images/jhipster_family_member_3_head-256.png,ee0fd7e4d2c0882650575bbaca55dee69dcaa064
src/main/webapp/content/images/jhipster_family_member_3_head-384.png,cf311c64f4d6762559ab3063521524f736f0975a
src/main/webapp/content/images/jhipster_family_member_3_head-512.png,97e81d97579be35f112fa057028887fbb80f962c
src/main/webapp/content/images/logo-jhipster.png,e1e46028ec092ca351425b07707fcdd52146b0b3
src/main/webapp/favicon.ico,69547cd4a95b59ac7e6818b6eb82befa061d0c16
src/main/webapp/i18n/en/activate.json,092c12fc6ef85147bdb0393c99bb648b714efe9d
src/main/webapp/i18n/en/configuration.json,a9251186f5f4ead4a4bc1cefe6af2257f8f2c482
src/main/webapp/i18n/en/customer.json,3b3e07fc863b68d75b4fa284ba8ab5a6e4079d89
src/main/webapp/i18n/en/driver.json,3a125ec127a1813fb940e886e2828fa998c5dff9
src/main/webapp/i18n/en/error.json,84bd83485cbc000250295b7af51c6422d0b2defd
src/main/webapp/i18n/en/global.json,feea38966015ca8af06a68f810efde2d719947c2
src/main/webapp/i18n/en/health.json,c2f3680360305feb532f4d88924f760ce7d5a102
src/main/webapp/i18n/en/home.json,98a64bf4f61e90c5d1c5a73b9a6dfbaa09e50957
src/main/webapp/i18n/en/insurance.json,174ff71e331aa97e8e96f96d8726ad81ea298bdb
src/main/webapp/i18n/en/location.json,08f350e0e876d71c235345a4e919e3dba2d05c6e
src/main/webapp/i18n/en/login.json,04ab0e780548cb87bc48443ec15698d0b6cbcc2e
src/main/webapp/i18n/en/logs.json,62e83f513fd1f506f0adc672a1c791ec4fe6ff5d
src/main/webapp/i18n/en/metrics.json,c984b1cb66470aa313cd2665563781ee28b34a4f
src/main/webapp/i18n/en/password.json,5468a3f4a02add6ef00316b2893a7b6a92c28bbc
src/main/webapp/i18n/en/payment.json,a53982f94914da1f68cf970988e6b139c4c0459a
src/main/webapp/i18n/en/rate.json,2bd619bcaf594a4291f0ad29bffd64721bbf7019
src/main/webapp/i18n/en/register.json,b5c082617dad8d2449ed97300c58e32e44cadb6b
src/main/webapp/i18n/en/reservation.json,1410921c638a29b2d8c1e754b819b69cd6e975e2
src/main/webapp/i18n/en/reset.json,3ec05ed029a2b5d87fff81127ab1f6832c274fc2
src/main/webapp/i18n/en/sessions.json,17abca29b62420a7c055ad9400d04ef317ae4cfa
src/main/webapp/i18n/en/settings.json,a5088743bcdf8f8dede58ac20c1974c188d9b128
src/main/webapp/i18n/en/user-management.json,5f5c5fc15448a4f42ae77d96fba7d271261eb72e
src/main/webapp/i18n/en/vehicle.json,67bc0f93fae13dd41b537934bf46bb4a0f75e6a0
src/main/webapp/index.html,2287d196c13d7b2b03fc708062f603d4f1330ec7
src/main/webapp/manifest.webapp,d618d84746c8887b980bffbd48366df9deb15649
src/main/webapp/robots.txt,85dff18c84fe266335d06b070f89d291c46290e3
src/main/webapp/swagger-ui/dist/images/throbber.gif,4defd79f66e824ab7a3dc0e179904cc71a363439
src/main/webapp/swagger-ui/index.html,bdb5fd01baa0a8410f6a8a019e4a9b41f89cc245
target/classes/static/account.d824abaf.chunk.js,1e9184738091183b525f8635467ccbceaaa8f8a1
target/classes/static/account.d824abaf.chunk.js.map,433272a4db582f0230c7184046940df046ec4d69
target/classes/static/administration.30e0252e.chunk.js,a028c06849713fee7694148ad8c4f44c03f3109d
target/classes/static/administration.30e0252e.chunk.js.map,8cff27201be020b9430b1790be7f8c411b9389ba
target/classes/static/content/css/loading.css,3ab1823dee0fef70192fbc9d5341dde0020a77a1
target/classes/static/content/images/jhipster_family_member_0.svg,d74ed3591e3a916224096cef4f87dc3bd7479386
target/classes/static/content/images/jhipster_family_member_0_head-192.png,df480d17864835a76db4abd997176e13cfa38d2c
target/classes/static/content/images/jhipster_family_member_0_head-256.png,ec1cd28328e885231c2d9a451cc46a8d4f10d6f4
target/classes/static/content/images/jhipster_family_member_0_head-384.png,55c081b847a19807b34b48e31e63a464a2726d4e
target/classes/static/content/images/jhipster_family_member_0_head-512.png,6cf7f74775338ab98de40ef589c68337fe8e859c
target/classes/static/content/images/jhipster_family_member_1.svg,61a207bca2c8b0dac21fc945d2f2505e4b5d3a30
target/classes/static/content/images/jhipster_family_member_1_head-192.png,ba95a15a915e98e756f8c0f6202cbb7146913d7a
target/classes/static/content/images/jhipster_family_member_1_head-256.png,ae556422471b55c075155b881fa3d5ee646f968a
target/classes/static/content/images/jhipster_family_member_1_head-384.png,0270ae0a742ebc7eaef16840d708a06663723204
target/classes/static/content/images/jhipster_family_member_1_head-512.png,a432afd937aae212f7a5ea3b0285bd74b7358812
target/classes/static/content/images/jhipster_family_member_2.svg,4b05e0217c9e27910087f76aa24a5699f7a3a30e
target/classes/static/content/images/jhipster_family_member_2_head-192.png,7daaed3c0c953917ad905857627dbfc6466856af
target/classes/static/content/images/jhipster_family_member_2_head-256.png,67f06e7a90ac379846940f1332d9d10398c49ae5
target/classes/static/content/images/jhipster_family_member_2_head-384.png,7a0f8b1cc27ec81ce80bc1903f6faa2dab5524d9
target/classes/static/content/images/jhipster_family_member_2_head-512.png,ee068745494bc8e72479d25287f2f80934f38c6d
target/classes/static/content/images/jhipster_family_member_3.svg,0690f4141a25d739ed9429b0b315cc94196a3644
target/classes/static/content/images/jhipster_family_member_3_head-192.png,58b5043c79afe05573cd8c3f7c23cc84c96ca362
target/classes/static/content/images/jhipster_family_member_3_head-256.png,ee0fd7e4d2c0882650575bbaca55dee69dcaa064
target/classes/static/content/images/jhipster_family_member_3_head-384.png,cf311c64f4d6762559ab3063521524f736f0975a
target/classes/static/content/images/jhipster_family_member_3_head-512.png,97e81d97579be35f112fa057028887fbb80f962c
target/classes/static/content/images/logo-jhipster.png,e1e46028ec092ca351425b07707fcdd52146b0b3
target/classes/static/favicon.ico,69547cd4a95b59ac7e6818b6eb82befa061d0c16
target/classes/static/i18n/en.json,a9f1df56f25fcd0a854da09b42022040820e89ce
target/classes/static/index.html,5bd39059a615fb667bbeb157a9db8fc6075a17a0
target/classes/static/main.08de308e.js,9c35e85249bf67c6363162435802f44a40a19aec
target/classes/static/main.08de308e.js.map,6e5d93bbcc039eb7d3b21af57e71c061baf9dd8c
target/classes/static/manifest.webapp,d618d84746c8887b980bffbd48366df9deb15649
target/classes/static/robots.txt,85dff18c84fe266335d06b070f89d291c46290e3
target/classes/static/swagger-ui/absolute-path.js,27e42f7871bbac388e15d373642643a9c0ce2be3
target/classes/static/swagger-ui/axios.min.js,d63107d0912fdb387530d5ce2d512c928d73d122
target/classes/static/swagger-ui/dist/images/throbber.gif,4defd79f66e824ab7a3dc0e179904cc71a363439
target/classes/static/swagger-ui/favicon-16x16.png,3ff0a4d0a54de5e744a382349822165a6b6994ed
target/classes/static/swagger-ui/favicon-32x32.png,8ca50b59019f7f17c65b77ea4f90a1b1a46ac0b6
target/classes/static/swagger-ui/index.css,71586906338f69420aa4cf1d3494fee8c533f11a
target/classes/static/swagger-ui/index.html,bdb5fd01baa0a8410f6a8a019e4a9b41f89cc245
target/classes/static/swagger-ui/index.js,188642650e853f572a8c7191ba21bf1d5e1b3e5b
target/classes/static/swagger-ui/oauth2-redirect.html,e1d0985cc80073d9ad24ed54e1350902b1b4651c
target/classes/static/swagger-ui/swagger-initializer.js,c434dd8fbfa625a10351681d3037ee79d5682207
target/classes/static/swagger-ui/swagger-ui-bundle.js,65111911db3acdc593ba2f70ac4cc5fe187a3c5a
target/classes/static/swagger-ui/swagger-ui-es-bundle-core.js,fdae8ada294d1fc38da7de224e75b08b224f4c48
target/classes/static/swagger-ui/swagger-ui-es-bundle.js,968b64876f5f68cfa6866605c8b06ff5a0d033ab
target/classes/static/swagger-ui/swagger-ui-standalone-preset.js,b4947f8f2ee850325eb7c2ed52d474ef2631338d
target/classes/static/swagger-ui/swagger-ui.css,9f502ea8f723815eedd7b182c289ef5137238375
target/classes/static/swagger-ui/swagger-ui.js,58bcb11edc857a936a94d1e38e38ea68b617c6d4
tsconfig.json,3823086af65fe3750798f5cb0e51da040184e1d0
webpack/environment.js,542bd9c73e5d1b7ec452c0df9a1d9a8bbb7aa863
webpack/logo-jhipster.png,f1671a819ca95d37e86e20da335b66ac67dd6210
webpack/utils.js,4da91113a5b225f04139fe0648fb940d22b15a36
webpack/webpack.common.js,154468146a5047c57dfd8e6c243a3b081bf8c4c5
webpack/webpack.dev.js,4319e051ef7bd4bdcba75956906f4f9f2c5b7baf
webpack/webpack.prod.js,b27833207083922a229e1331c9bcef687f109ede
